<?xml version="1.0" encoding="UTF-8"?>
<ti:module xmlns:ti="http://ti.appcelerator.org" xmlns:android="http://schemas.android.com/apk/res/android">
	<!--
		Similar to tiapp.xml, but contains module/platform specific
		configuration in <iphone>, <android>, and <mobileweb> sections
	-->
	<iphone>
	</iphone>
	<android xmlns:android="http://schemas.android.com/apk/res/android">
		 <manifest>
			<uses-permission android:name="android.permission.INTERNET" />
		    <uses-permission android:name="android.permission.GET_ACCOUNTS" />
		    <uses-permission android:name="android.permission.READ_PHONE_STATE" />
		    <uses-permission android:name="android.permission.ACCESS_COARSE_LOCATION" />
		    <uses-permission android:name="android.permission.ACCESS_FINE_LOCATION" />
		    <uses-permission android:name="android.permission.ACCESS_NETWORK_STATE" />
		    <uses-permission android:name="android.permission.WRITE_EXTERNAL_STORAGE" />
		    <uses-permission android:name="android.permission.VIBRATE" />
		    
		    <service android:name = "com.malcom.library.android.module.stats.services.PendingBeaconsDeliveryService" />
		</manifest>
	</android>
	<mobileweb>
	</mobileweb>
</ti:module>
